-- Multicolor seed data (generated from the catalogue). Run AFTER schema.sql.
begin;

-- cat_groups
insert into cat_groups(id,name) values ('paint','საღებავები და ლაქები') on conflict (id) do nothing;
insert into cat_groups(id,name) values ('chem','სამშენებლო ქიმია') on conflict (id) do nothing;
insert into cat_groups(id,name) values ('tool','ინსტრუმენტი და აქსესუარები') on conflict (id) do nothing;

-- surfaces
insert into surfaces(id,name) values ('interior','ინტერიერი') on conflict (id) do nothing;
insert into surfaces(id,name) values ('facade','ფასადი') on conflict (id) do nothing;
insert into surfaces(id,name) values ('floor','იატაკი') on conflict (id) do nothing;
insert into surfaces(id,name) values ('roof','სახურავი') on conflict (id) do nothing;
insert into surfaces(id,name) values ('bathroom','სააბაზანო') on conflict (id) do nothing;
insert into surfaces(id,name) values ('metal','ლითონი') on conflict (id) do nothing;
insert into surfaces(id,name) values ('wood','ხე') on conflict (id) do nothing;
insert into surfaces(id,name) values ('concrete','ბეტონი') on conflict (id) do nothing;

-- brands
insert into brands(id,name,country,tint,tagline,story) values ('sobsan','Sobsan','თურქეთი','#2f4bc7','საღებავები და ლაქები 1974 წლიდან','Sobsan-ი თურქეთის ერთ-ერთი უმსხვილესი საღებავების მწარმოებელია. წყალემულსიური და სილიკონის საღებავები, ლაქები და გრუნტები — ევროპული სტანდარტის რეცეპტურით და სტაბილური ხარისხით.') on conflict (id) do nothing;
insert into brands(id,name,country,tint,tagline,story) values ('premium','Premium','თურქეთი','#b3541e','სამონტაჟო ქაფი და ჰერმეტიკები','Premium-ის ქაფი, სილიკონი და MS-პოლიმერული წებოები პროფესიონალი მემონტაჟეების პირველი არჩევანია — სტაბილური გამოსავალი, ზუსტი დოზირება და მდგრადობა ნებისმიერ სეზონზე.') on conflict (id) do nothing;
insert into brands(id,name,country,tint,tagline,story) values ('starbond','Starbond','თურქეთი','#1e7a52','წებო და ბიტუმის იზოლაცია','Starbond-ი სპეციალიზებულია სამშენებლო წებოებსა და ბიტუმის ჰიდროიზოლაციაზე. PVA-დან ეპოქსიდამდე — შეკავშირება, რომელსაც ენდობი.') on conflict (id) do nothing;
insert into brands(id,name,country,tint,tagline,story) values ('bauer','Bauer','საბერძნეთი','#3a3f8f','სამშენებლო ქიმია საბერძნეთიდან','Bauer-ის ცემენტის ჰიდროიზოლაცია, ფუგები და გრუნტები ათწლეულებია გამოიყენება ხმელთაშუა ზღვის რეგიონის რთულ კლიმატში — ტენი, მზე და მარილიანი ჰაერი მისთვის ჩვეული გარემოა.') on conflict (id) do nothing;
insert into brands(id,name,country,tint,tagline,story) values ('teirani','Teirani','ირანი','#8f2d3a','აეროზოლის საღებავები RAL პალიტრით','Teirani-ის აეროზოლები სრულ RAL პალიტრას ფარავს — სითბომედეგი, ფლუორესცენტული და ანტიკოროზიული სერიებით. თანაბარი დაფარვა პირველივე შესხურებიდან.') on conflict (id) do nothing;
insert into brands(id,name,country,tint,tagline,story) values ('asmako','Asmako','თურქეთი','#46698c','ლენტები, ფუნჯები, ლილვაკები','Asmako ამზადებს სამღებრო ინსტრუმენტს — ფუნჯებს, ლილვაკებსა და ლენტებს, რომელთა ხარისხსაც ნახატზე ხედავ: თანაბარი კვალი, მინიმალური წვეთვა, სუფთა კიდეები.') on conflict (id) do nothing;
insert into brands(id,name,country,tint,tagline,story) values ('stargil','Stargil','თურქეთი','#7a5a2f','გამხსნელები და 24 ფერის კოლორანტი','Stargil-ის გამხსნელები და კოლორანტები საღებავის სამუშაოს ქიმიური საფუძველია — სუფთა შემადგენლობა, ზუსტი მარკირება და სტაბილური ფერი პარტიიდან პარტიამდე.') on conflict (id) do nothing;
insert into brands(id,name,country,tint,tagline,story) values ('proian','Projahn','გერმანია','#444a52','ბურღები, თავაკები, ხელსაწყოები','Projahn-ის საბურღი და საჭრელი ინსტრუმენტი პროფესიონალური კლასისაა — HSS-G ფოლადიდან SDS-MAX-მდე, ქარხნული კალიბრაციით და ხანგრძლივი რესურსით.') on conflict (id) do nothing;

-- categories
insert into categories(id,name,"group",facets,"order",sub) values ('paints-we','წყალემულსიური საღებავები','paint',ARRAY['size','color','surface']::text[],1,ARRAY['ინტერიერის','ფასადის','სილიკონის']::text[]) on conflict (id) do nothing;
insert into categories(id,name,"group",facets,"order",sub) values ('lacquers','ლაქები','paint',ARRAY['size','color','surface']::text[],2,ARRAY['იატაკის','კარ-ფანჯრის','ფერადი','ნიტრო']::text[]) on conflict (id) do nothing;
insert into categories(id,name,"group",facets,"order",sub) values ('primers','გრუნტი','paint',ARRAY['size','surface']::text[],3,NULL) on conflict (id) do nothing;
insert into categories(id,name,"group",facets,"order",sub) values ('aerosols','აეროზოლის საღებავები','paint',ARRAY['color','surface']::text[],4,ARRAY['RAL სერია','სითბომედეგი','ფლუორესცენტული','ანტიკოროზიული']::text[]) on conflict (id) do nothing;
insert into categories(id,name,"group",facets,"order",sub) values ('solvents','გამხსნელები და კოლორი','paint',ARRAY['size','color']::text[],5,NULL) on conflict (id) do nothing;
insert into categories(id,name,"group",facets,"order",sub) values ('waterproof','ჰიდროიზოლაცია','chem',ARRAY['size','surface']::text[],6,ARRAY['სახურავის','ბიტუმის','სააბაზანოს','PU']::text[]) on conflict (id) do nothing;
insert into categories(id,name,"group",facets,"order",sub) values ('adhesives','წებო','chem',ARRAY['size','surface']::text[],7,ARRAY['PVA','ეპოქსიდი','თხევადი ლურსმნები','მყისიერი']::text[]) on conflict (id) do nothing;
insert into categories(id,name,"group",facets,"order",sub) values ('foam','სამონტაჟო ქაფი','chem',ARRAY['size']::text[],8,NULL) on conflict (id) do nothing;
insert into categories(id,name,"group",facets,"order",sub) values ('sealants','სილიკონი და ჰერმეტიკი','chem',ARRAY['size','color','surface']::text[],9,NULL) on conflict (id) do nothing;
insert into categories(id,name,"group",facets,"order",sub) values ('grout','ფუგა','chem',ARRAY['size','color']::text[],10,NULL) on conflict (id) do nothing;
insert into categories(id,name,"group",facets,"order",sub) values ('tapes','ლენტები','tool',ARRAY['size','color']::text[],11,ARRAY['მალარის','საიზოლაციო','ფოლგის','ბუტილის']::text[]) on conflict (id) do nothing;
insert into categories(id,name,"group",facets,"order",sub) values ('brushes','ფუნჯები','tool',ARRAY['size']::text[],12,NULL) on conflict (id) do nothing;
insert into categories(id,name,"group",facets,"order",sub) values ('rollers','ლილვაკები და აქსესუარები','tool',ARRAY['size']::text[],13,NULL) on conflict (id) do nothing;
insert into categories(id,name,"group",facets,"order",sub) values ('drills','ბურღები','tool',ARRAY['size','surface']::text[],14,ARRAY['HSS-G','კობალტი','SDS-Plus','SDS-MAX','TCT']::text[]) on conflict (id) do nothing;
insert into categories(id,name,"group",facets,"order",sub) values ('bits','თავაკები','tool',ARRAY['size']::text[],15,NULL) on conflict (id) do nothing;
insert into categories(id,name,"group",facets,"order",sub) values ('tools','ხელსაწყოები','tool','{}',16,NULL) on conflict (id) do nothing;

-- products
insert into products(id,brand,cat,name,descr,sizes,colors,specs,tags,featured,sale_pct) values ('sobplastik-int','sobsan','paints-we','SOBPLASTIK — ინტერიერის წყალემულსიური საღებავი','მქრქალი, თეთრად მშრალი ინტერიერის საღებავი კედლისა და ჭერისთვის. იშლება თანაბრად, სუნი მინიმალურია.','[{"l":"3.5კგ","p":24.9,"s":64},{"l":"5კგ","p":32.5,"s":41},{"l":"10კგ","p":59.9,"s":23},{"l":"25კგ","p":129,"s":12}]'::jsonb,'[{"n":"თეთრი","h":"#f5f4ef"},{"n":"კრემისფერი","h":"#eee4d0"},{"n":"ღია ნაცარი","h":"#cccecb"},{"n":"ცისფერი","h":"#bfd6e4"},{"n":"მიტკალი","h":"#e7d8c4"}]'::jsonb,'{"surface":["interior"],"coverage":"1კგ — 4–6 მ²","drying":"2–4 სთ","base":"წყალდისპერსიული"}'::jsonb,'{}',true,NULL) on conflict (id) do nothing;
insert into products(id,brand,cat,name,descr,sizes,colors,specs,tags,featured,sale_pct) values ('sobsil-facade','sobsan','paints-we','SOBSİL — ფასადის სილიკონის საღებავი','სილიკონ-მოდიფიცირებული ფასადის საღებავი. წყალს იგერიებს, ორთქლს ატარებს — ფასადი „სუნთქავს“.','[{"l":"10ლტ","p":148,"s":18},{"l":"15ლტ","p":209,"s":9}]'::jsonb,'[{"n":"თეთრი","h":"#f4f3ee"},{"n":"ქვიშისფერი","h":"#ddd0b4"},{"n":"ღია რუხი","h":"#c5c6c2"}]'::jsonb,'{"surface":["facade","concrete"],"coverage":"1ლტ — 5–7 მ²","drying":"4–6 სთ","base":"სილიკონის ემულსია"}'::jsonb,ARRAY['new']::text[],true,NULL) on conflict (id) do nothing;
insert into products(id,brand,cat,name,descr,sizes,colors,specs,tags,featured,sale_pct) values ('sobplastik-silk','sobsan','paints-we','SOBPLASTIK SILK — სარეცხი მატი საღებავი','ინტერიერის საღებავი გაზრდილი ცვეთამედეგობით — სამზარეულო, დერეფანი, საბავშვო. ირეცხება ღრუბლით.','[{"l":"2.5კგ","p":27.9,"s":35},{"l":"10კგ","p":89,"s":14}]'::jsonb,'[{"n":"თეთრი","h":"#f5f4f0"},{"n":"თბილი თეთრი","h":"#f1ebdd"},{"n":"ფისტა","h":"#d4ddc2"},{"n":"ლავანდა","h":"#d4cfe0"}]'::jsonb,'{"surface":["interior"],"coverage":"1კგ — 5–7 მ²","drying":"2 სთ","base":"აკრილის დისპერსია"}'::jsonb,ARRAY['sale']::text[],false,15) on conflict (id) do nothing;
insert into products(id,brand,cat,name,descr,sizes,colors,specs,tags,featured,sale_pct) values ('sobdur-bath','sobsan','paints-we','SOBDUR — სველი წერტილების საღებავი','ანტიბაქტერიული დანამატით, ობის საწინააღმდეგო. სააბაზანოსა და სამზარეულოსთვის.','[{"l":"2.5კგ","p":31.5,"s":27},{"l":"10კგ","p":99,"s":8}]'::jsonb,'[{"n":"თეთრი","h":"#f6f6f3"}]'::jsonb,'{"surface":["interior","bathroom"],"coverage":"1კგ — 5 მ²","drying":"3 სთ","base":"აკრილის დისპერსია"}'::jsonb,'{}',false,NULL) on conflict (id) do nothing;
insert into products(id,brand,cat,name,descr,sizes,colors,specs,tags,featured,sale_pct) values ('lak-floor-pu','sobsan','lacquers','იატაკის ლაქი პოლიურეთანული','ორკომპონენტიანი PU ლაქი პარკეტისა და ხის იატაკისთვის. მაღალი ცვეთამედეგობა, ნახევრად პრიალა.','[{"l":"0.75ლტ","p":28.9,"s":30},{"l":"2.5ლტ","p":84,"s":16}]'::jsonb,'[]'::jsonb,'{"surface":["floor","wood"],"coverage":"1ლტ — 10–12 მ²","drying":"24 სთ","base":"პოლიურეთანი"}'::jsonb,'{}',true,NULL) on conflict (id) do nothing;
insert into products(id,brand,cat,name,descr,sizes,colors,specs,tags,featured,sale_pct) values ('lak-door','sobsan','lacquers','კარ-ფანჯრის ალკიდური ლაქი','ფერადი ლაქი ხის ზედაპირისთვის — კარი, ფანჯარა, ავეჯი. UV ფილტრით.','[{"l":"0.75ლტ","p":19.9,"s":44},{"l":"2.5ლტ","p":56,"s":19}]'::jsonb,'[{"n":"უფერო","h":"#dcc9a4"},{"n":"მუხა","h":"#8b5a2b"},{"n":"კაკალი","h":"#5c4033"},{"n":"მაჰაგონი","h":"#6f2e25"},{"n":"ვენგე","h":"#3c2f2a"}]'::jsonb,'{"surface":["wood","interior"],"coverage":"1ლტ — 12 მ²","drying":"12 სთ","base":"ალკიდი"}'::jsonb,ARRAY['sale']::text[],false,20) on conflict (id) do nothing;
insert into products(id,brand,cat,name,descr,sizes,colors,specs,tags,featured,sale_pct) values ('lak-nitro','sobsan','lacquers','ნიტრო ლაქი NC სწრაფშრობადი','ნიტროცელულოზის ლაქი ავეჯისა და დეტალებისთვის. შრება 30 წუთში, იშლება პისტოლეტითაც.','[{"l":"1ლტ","p":16.5,"s":52},{"l":"5ლტ","p":72,"s":11}]'::jsonb,'[]'::jsonb,'{"surface":["wood"],"coverage":"1ლტ — 8–10 მ²","drying":"30 წთ","base":"ნიტროცელულოზა"}'::jsonb,'{}',false,NULL) on conflict (id) do nothing;
insert into products(id,brand,cat,name,descr,sizes,colors,specs,tags,featured,sale_pct) values ('primer-deep','sobsan','primers','ღრმა შეღწევადი გრუნტი კონცენტრატი','ამაგრებს ფხვიერ ზედაპირს და ამცირებს საღებავის ხარჯს. ზავდება წყლით 1:1-მდე.','[{"l":"1ლტ","p":8.9,"s":80},{"l":"5ლტ","p":34,"s":33},{"l":"10ლტ","p":59,"s":15}]'::jsonb,'[]'::jsonb,'{"surface":["interior","facade","concrete"],"coverage":"1ლტ — 8–10 მ²","drying":"2 სთ","base":"აკრილის დისპერსია"}'::jsonb,ARRAY['new']::text[],true,NULL) on conflict (id) do nothing;
insert into products(id,brand,cat,name,descr,sizes,colors,specs,tags,featured,sale_pct) values ('primer-beton','bauer','primers','ბეტონ-კონტაქტი ადჰეზიური გრუნტი','კვარცის მინარევით — გლუვ ბეტონზე ბათქაში და ფილა მყარად ეჭიდება.','[{"l":"5კგ","p":42,"s":21},{"l":"20კგ","p":139,"s":7}]'::jsonb,'[]'::jsonb,'{"surface":["concrete","interior"],"coverage":"1კგ — 3–4 მ²","drying":"3 სთ","base":"აკრილი + კვარცი"}'::jsonb,'{}',false,NULL) on conflict (id) do nothing;
insert into products(id,brand,cat,name,descr,sizes,colors,specs,tags,featured,sale_pct) values ('hydro-cem2k','bauer','waterproof','ორკომპონენტიანი ცემენტის ჰიდროიზოლაცია','ელასტიური ცემენტ-პოლიმერული შემადგენლობა აბაზანის, აუზისა და საძირკვლისთვის.','[{"l":"25კგ","p":119,"s":26}]'::jsonb,'[]'::jsonb,'{"surface":["bathroom","concrete","roof"],"coverage":"1კგ — 0.7 მ² (2 ფენა)","drying":"24 სთ","base":"ცემენტ-პოლიმერი"}'::jsonb,'{}',true,NULL) on conflict (id) do nothing;
insert into products(id,brand,cat,name,descr,sizes,colors,specs,tags,featured,sale_pct) values ('hydro-bitum','starbond','waterproof','ბიტუმის მასტიკა სახურავისთვის','ცივი წასმის ბიტუმის მასტიკა — სახურავის, საძირკვლისა და მილების იზოლაცია.','[{"l":"5კგ","p":27,"s":38},{"l":"17კგ","p":79,"s":14}]'::jsonb,'[]'::jsonb,'{"surface":["roof","concrete"],"coverage":"1კგ — 1 მ²","drying":"24 სთ","base":"ბიტუმი"}'::jsonb,ARRAY['sale']::text[],false,10) on conflict (id) do nothing;
insert into products(id,brand,cat,name,descr,sizes,colors,specs,tags,featured,sale_pct) values ('hydro-pu','bauer','waterproof','PU თხევადი მემბრანა ჰიდროიზოლაციისთვის','ერთკომპონენტიანი პოლიურეთანის მემბრანა ტერასისა და ბრტყელი სახურავისთვის. UV-მდგრადი.','[{"l":"6კგ","p":145,"s":9},{"l":"25კგ","p":520,"s":4}]'::jsonb,'[{"n":"თეთრი","h":"#f2f2ee"},{"n":"რუხი","h":"#9a9d9c"}]'::jsonb,'{"surface":["roof","concrete"],"coverage":"1.5კგ — 1 მ²","drying":"12 სთ","base":"პოლიურეთანი"}'::jsonb,ARRAY['new']::text[],false,NULL) on conflict (id) do nothing;
insert into products(id,brand,cat,name,descr,sizes,colors,specs,tags,featured,sale_pct) values ('glue-pva','starbond','adhesives','PVA წებო უნივერსალური D2','ხის, ქაღალდისა და სამშენებლო ნარევების დანამატად. გამჭვირვალედ შრება.','[{"l":"0.9კგ","p":6.5,"s":92},{"l":"2.5კგ","p":15.9,"s":40},{"l":"10კგ","p":54,"s":13}]'::jsonb,'[]'::jsonb,'{"surface":["wood","interior"],"drying":"24 სთ","base":"PVA დისპერსია"}'::jsonb,'{}',false,NULL) on conflict (id) do nothing;
insert into products(id,brand,cat,name,descr,sizes,colors,specs,tags,featured,sale_pct) values ('glue-msnails','premium','adhesives','თხევადი ლურსმნები MS-პოლიმერი','უნივერსალური სამონტაჟო წებო სველ ზედაპირზეც. ცვლის ლურსმანსა და ჭანჭიკს მსუბუქ მონტაჟში.','[{"l":"290მლ","p":13.9,"s":67}]'::jsonb,'[{"n":"თეთრი","h":"#f4f4f1"},{"n":"რუხი","h":"#a8a9a5"}]'::jsonb,'{"surface":["interior","concrete","wood","metal"],"drying":"24 სთ","base":"MS პოლიმერი"}'::jsonb,'{}',true,NULL) on conflict (id) do nothing;
insert into products(id,brand,cat,name,descr,sizes,colors,specs,tags,featured,sale_pct) values ('glue-epoxy','starbond','adhesives','ეპოქსიდური წებო ორკომპონენტიანი','ლითონის, ქვისა და კერამიკის ძლიერი შეწებება. სამუშაო დრო — 5 წუთი.','[{"l":"24მლ","p":7.9,"s":75},{"l":"250გრ","p":24,"s":22}]'::jsonb,'[]'::jsonb,'{"surface":["metal","concrete"],"drying":"5 წთ (სრული — 24 სთ)","base":"ეპოქსიდი"}'::jsonb,'{}',false,NULL) on conflict (id) do nothing;
insert into products(id,brand,cat,name,descr,sizes,colors,specs,tags,featured,sale_pct) values ('glue-cyano','premium','adhesives','მყისიერი წებო ციანოაკრილატი','წამიერი შეკავშირება — რეზინა, პლასტმასი, კერამიკა. ზუსტი დოზატორით.','[{"l":"20გრ","p":4.5,"s":120},{"l":"50გრ","p":8.9,"s":48}]'::jsonb,'[]'::jsonb,'{"drying":"10 წმ","base":"ციანოაკრილატი"}'::jsonb,ARRAY['sale']::text[],false,25) on conflict (id) do nothing;
insert into products(id,brand,cat,name,descr,sizes,colors,specs,tags,featured,sale_pct) values ('foam-pro65','premium','foam','სამონტაჟო ქაფი პროფესიონალური 65L','პისტოლეტის ქაფი გაზრდილი გამოსავლით — 65 ლიტრამდე. მკვრივი სტრუქტურა, მინიმალური მეორადი გაფართოება.','[{"l":"850მლ","p":14.5,"s":96}]'::jsonb,'[]'::jsonb,'{"coverage":"გამოსავალი — 65ლტ-მდე","drying":"სრული — 24 სთ","base":"პოლიურეთანი"}'::jsonb,'{}',true,NULL) on conflict (id) do nothing;
insert into products(id,brand,cat,name,descr,sizes,colors,specs,tags,featured,sale_pct) values ('foam-winter','premium','foam','ზამთრის სამონტაჟო ქაფი −18°C','მუშაობს ყინვაშიც — სტაბილური გამოსავალი დაბალ ტემპერატურაზე.','[{"l":"750მლ","p":13.5,"s":54}]'::jsonb,'[]'::jsonb,'{"coverage":"გამოსავალი — 45ლტ","drying":"24 სთ","base":"პოლიურეთანი"}'::jsonb,ARRAY['new']::text[],false,NULL) on conflict (id) do nothing;
insert into products(id,brand,cat,name,descr,sizes,colors,specs,tags,featured,sale_pct) values ('foam-cleaner','premium','foam','ქაფის გამწმენდი სითხე','ასუფთავებს პისტოლეტსა და ახალ ქაფს. აუცილებელია პისტოლეტის რესურსისთვის.','[{"l":"500მლ","p":7.5,"s":88}]'::jsonb,'[]'::jsonb,'{"base":"აცეტონის ბაზა"}'::jsonb,'{}',false,NULL) on conflict (id) do nothing;
insert into products(id,brand,cat,name,descr,sizes,colors,specs,tags,featured,sale_pct) values ('seal-sanitary','premium','sealants','სანიტარული სილიკონი ანტიბაქტერიული','ობის საწინააღმდეგო დანამატით — აბაზანა, სანტექნიკა, სამზარეულო.','[{"l":"280მლ","p":9.9,"s":110}]'::jsonb,'[{"n":"გამჭვირვალე","h":"#e8e8e4"},{"n":"თეთრი","h":"#f6f6f3"}]'::jsonb,'{"surface":["bathroom"],"drying":"ფენა — 20 წთ","base":"აცეტოქსი სილიკონი"}'::jsonb,'{}',false,NULL) on conflict (id) do nothing;
insert into products(id,brand,cat,name,descr,sizes,colors,specs,tags,featured,sale_pct) values ('seal-universal','premium','sealants','უნივერსალური სილიკონის ჰერმეტიკი','მინა, ალუმინი, კერამიკა — ელასტიური ნაკერი შიდა და გარე სამუშაოებზე.','[{"l":"280მლ","p":8.5,"s":95}]'::jsonb,'[{"n":"თეთრი","h":"#f5f5f2"},{"n":"გამჭვირვალე","h":"#e6e6e2"},{"n":"რუხი","h":"#a3a4a0"},{"n":"ყავისფერი","h":"#6b4a35"},{"n":"შავი","h":"#2c2c2a"}]'::jsonb,'{"surface":["interior","facade","metal"],"drying":"ფენა — 25 წთ","base":"სილიკონი"}'::jsonb,'{}',false,NULL) on conflict (id) do nothing;
insert into products(id,brand,cat,name,descr,sizes,colors,specs,tags,featured,sale_pct) values ('seal-acrylic','premium','sealants','აკრილის ჰერმეტიკი დასაღებავი','ბზარებისა და ნაკერების ამოსავსებად — შეღებვადია ნებისმიერი საღებავით.','[{"l":"310მლ","p":6.9,"s":73}]'::jsonb,'[{"n":"თეთრი","h":"#f5f5f1"}]'::jsonb,'{"surface":["interior"],"drying":"1 სთ","base":"აკრილი"}'::jsonb,ARRAY['sale']::text[],false,10) on conflict (id) do nothing;
insert into products(id,brand,cat,name,descr,sizes,colors,specs,tags,featured,sale_pct) values ('aero-ral','teirani','aerosols','აეროზოლის საღებავი RAL სერია','სწრაფშრობადი აკრილის ემალი RAL პალიტრით — ლითონი, ხე, პლასტმასი.','[{"l":"400მლ","p":8.9,"s":140}]'::jsonb,'[{"n":"შავი მქრქალი","h":"#17171a","ral":"RAL 9005"},{"n":"თეთრი","h":"#f3f4f0","ral":"RAL 9010"},{"n":"ალუბლისფერი","h":"#79242c","ral":"RAL 3003"},{"n":"ზურმუხტი","h":"#1d6f50","ral":"RAL 6029"},{"n":"სიგნალური ლურჯი","h":"#1f4796","ral":"RAL 5005"},{"n":"ვერცხლისფერი","h":"#a6a8ab","ral":"RAL 9006"},{"n":"ყვითელი","h":"#e8b714","ral":"RAL 1023"}]'::jsonb,'{"surface":["metal","wood","interior"],"coverage":"400მლ — 1.5 მ²","drying":"15 წთ","base":"აკრილი"}'::jsonb,'{}',true,NULL) on conflict (id) do nothing;
insert into products(id,brand,cat,name,descr,sizes,colors,specs,tags,featured,sale_pct) values ('aero-heat','teirani','aerosols','სითბომედეგი საღებავი +600°C','ბუხრის, მაყალისა და გამონაბოლქვი მილების შესაღებად. სილიკონის ფისის ბაზაზე.','[{"l":"400მლ","p":12.9,"s":46}]'::jsonb,'[{"n":"შავი","h":"#1d1d1f"},{"n":"ვერცხლისფერი","h":"#aaacae"}]'::jsonb,'{"surface":["metal"],"drying":"30 წთ","base":"სილიკონის ფისი"}'::jsonb,ARRAY['new']::text[],false,NULL) on conflict (id) do nothing;
insert into products(id,brand,cat,name,descr,sizes,colors,specs,tags,featured,sale_pct) values ('aero-rust','teirani','aerosols','ჟანგის ნეიტრალიზატორი სპრეი','გარდაქმნის ჟანგს დამცავ ფენად — ღებვა შესაძლებელია უშუალოდ ზემოდან.','[{"l":"400მლ","p":11.5,"s":39}]'::jsonb,'[]'::jsonb,'{"surface":["metal"],"drying":"2 სთ","base":"ფოსფატური"}'::jsonb,'{}',false,NULL) on conflict (id) do nothing;
insert into products(id,brand,cat,name,descr,sizes,colors,specs,tags,featured,sale_pct) values ('aero-zinc','teirani','aerosols','ცინკის სპრეი ანტიკოროზიული','ცივი მოთუთიება შედუღების ნაკერებსა და დაზიანებულ ადგილებზე. 96% ცინკი.','[{"l":"400მლ","p":14.9,"s":31}]'::jsonb,'[{"n":"ცინკი მქრქალი","h":"#9fa4a6"}]'::jsonb,'{"surface":["metal"],"drying":"20 წთ","base":"ცინკი 96%"}'::jsonb,ARRAY['sale']::text[],false,15) on conflict (id) do nothing;
insert into products(id,brand,cat,name,descr,sizes,colors,specs,tags,featured,sale_pct) values ('aero-fluo','teirani','aerosols','ფლუორესცენტული სპრეი მარკირებისთვის','კაშკაშა სასიგნალო ფერები მშენებლობის მარკირებისა და დეკორისთვის.','[{"l":"400მლ","p":9.9,"s":58}]'::jsonb,'[{"n":"ყვითელი","h":"#f2e324"},{"n":"ნარინჯისფერი","h":"#ff7b1c"},{"n":"მწვანე","h":"#5ce03a"},{"n":"ვარდისფერი","h":"#ff4fa0"}]'::jsonb,'{"surface":["concrete","wood","metal"],"drying":"15 წთ","base":"აკრილი"}'::jsonb,'{}',false,NULL) on conflict (id) do nothing;
insert into products(id,brand,cat,name,descr,sizes,colors,specs,tags,featured,sale_pct) values ('grout-epoxy','bauer','grout','ეპოქსიდური ფუგა ორკომპონენტიანი','წყალმედეგი, ლაქებგამძლე ფუგა — აბაზანა, სამზარეულოს ფარდული, აუზი.','[{"l":"2კგ","p":49,"s":24},{"l":"5კგ","p":109,"s":9}]'::jsonb,'[{"n":"თეთრი","h":"#f3f3f0"},{"n":"ჟასმინი","h":"#ece2cb"},{"n":"კარამელი","h":"#c89a6b"},{"n":"ანთრაციტი","h":"#3b3d40"}]'::jsonb,'{"surface":["bathroom","floor"],"coverage":"ნაკერი 3მმ — ~0.4კგ/მ²","drying":"24 სთ","base":"ეპოქსიდი"}'::jsonb,'{}',true,NULL) on conflict (id) do nothing;
insert into products(id,brand,cat,name,descr,sizes,colors,specs,tags,featured,sale_pct) values ('grout-cement','bauer','grout','ცემენტის ფუგა წყალმედეგი 1–8მმ','ელასტიფიცირებული ფუგა კედლისა და იატაკის ფილისთვის, 12 ფერში.','[{"l":"2კგ","p":11.9,"s":70},{"l":"5კგ","p":26,"s":28},{"l":"20კგ","p":92,"s":10}]'::jsonb,'[{"n":"თეთრი","h":"#f2f2ef"},{"n":"ბაჰამა","h":"#e3d6bb"},{"n":"ღია რუხი","h":"#c9cac6"},{"n":"გრაფიტი","h":"#5a5c5e"},{"n":"შოკოლადი","h":"#5f4231"}]'::jsonb,'{"surface":["bathroom","floor","interior"],"coverage":"ნაკერი 3მმ — ~0.5კგ/მ²","drying":"24 სთ","base":"ცემენტ-პოლიმერი"}'::jsonb,'{}',false,NULL) on conflict (id) do nothing;
insert into products(id,brand,cat,name,descr,sizes,colors,specs,tags,featured,sale_pct) values ('grout-cleaner','bauer','grout','ცემენტის ნალექის მოსაშორებელი','მჟავური საწმენდი ფილაზე დარჩენილი ცემენტისა და ფუგის ნალექისთვის.','[{"l":"1ლტ","p":13.5,"s":42},{"l":"5ლტ","p":49,"s":12}]'::jsonb,'[]'::jsonb,'{"surface":["floor","bathroom"],"base":"მჟავური"}'::jsonb,'{}',false,NULL) on conflict (id) do nothing;
insert into products(id,brand,cat,name,descr,sizes,colors,specs,tags,featured,sale_pct) values ('tape-masking','asmako','tapes','მალარის ლენტი 40მ','სუფთა კიდეების ლენტი ღებვისას — ძვრება კვალის გარეშე 48 საათამდე.','[{"l":"25მმ","p":2.9,"s":200},{"l":"38მმ","p":3.9,"s":150},{"l":"48მმ","p":4.9,"s":130}]'::jsonb,'[]'::jsonb,'{"base":"ქაღალდი / აკრილის წებო"}'::jsonb,'{}',false,NULL) on conflict (id) do nothing;
insert into products(id,brand,cat,name,descr,sizes,colors,specs,tags,featured,sale_pct) values ('tape-electric','asmako','tapes','ელექტროიზოლაციის ლენტი PVC','ძაბვამედეგი PVC ლენტი 19მმ × 20მ. ცეცხლმედეგი შემადგენლობა.','[{"l":"19მმ","p":1.9,"s":300}]'::jsonb,'[{"n":"შავი","h":"#222224"},{"n":"წითელი","h":"#b6252a"},{"n":"ლურჯი","h":"#2049a8"},{"n":"ყვითელი","h":"#e9c51c"}]'::jsonb,'{"base":"PVC"}'::jsonb,ARRAY['sale']::text[],false,10) on conflict (id) do nothing;
insert into products(id,brand,cat,name,descr,sizes,colors,specs,tags,featured,sale_pct) values ('tape-foil','asmako','tapes','ალუმინის ფოლგის ლენტი 45მ','თბოამრეკლი ლენტი ვენტილაციისა და იზოლაციისთვის. მედეგია +120°C-მდე.','[{"l":"48მმ","p":8.9,"s":64},{"l":"72მმ","p":12.5,"s":30}]'::jsonb,'[]'::jsonb,'{"base":"ალუმინი 30მკმ"}'::jsonb,'{}',false,NULL) on conflict (id) do nothing;
insert into products(id,brand,cat,name,descr,sizes,colors,specs,tags,featured,sale_pct) values ('tape-butyl','asmako','tapes','ბუტილის ჰიდროიზოლაციის ლენტი 10მ','თვითწებვადი ბუტილის ლენტი — სახურავის ნაკერები, მილების შეერთება, ღარები.','[{"l":"10სმ","p":24,"s":26}]'::jsonb,'[]'::jsonb,'{"surface":["roof"],"base":"ბუტილკაუჩუკი + ალუმინი"}'::jsonb,ARRAY['new']::text[],false,NULL) on conflict (id) do nothing;
insert into products(id,brand,cat,name,descr,sizes,colors,specs,tags,featured,sale_pct) values ('solv-646','stargil','solvents','გამხსნელი 646','უნივერსალური გამხსნელი ნიტრო ემალისა და ლაქისთვის; ინსტრუმენტის გასაწმენდად.','[{"l":"0.5ლტ","p":4.5,"s":160},{"l":"1ლტ","p":7.9,"s":95},{"l":"5ლტ","p":34,"s":22}]'::jsonb,'[]'::jsonb,'{"base":"კომბინირებული"}'::jsonb,'{}',false,NULL) on conflict (id) do nothing;
insert into products(id,brand,cat,name,descr,sizes,colors,specs,tags,featured,sale_pct) values ('solv-white','stargil','solvents','უაით-სპირიტი','ალკიდური საღებავებisა და ზეთოვანი ლაქების გასაზავებლად, ზედაპირის გასაწმენდად.','[{"l":"0.5ლტ","p":3.9,"s":180},{"l":"1ლტ","p":6.9,"s":110},{"l":"5ლტ","p":29,"s":25}]'::jsonb,'[]'::jsonb,'{"base":"ნავთობის დისტილატი"}'::jsonb,'{}',false,NULL) on conflict (id) do nothing;
insert into products(id,brand,cat,name,descr,sizes,colors,specs,tags,featured,sale_pct) values ('colorant-24','stargil','solvents','უნივერსალური კოლორანტი — 24 ფერი','კონცენტრირებული პასტა წყალემულსიური საღებავის შესაფერად. 24 ფერი, ზუსტი დოზირება.','[{"l":"100მლ","p":3.5,"s":240}]'::jsonb,'[{"n":"ლიმონი","h":"#efd633"},{"n":"ოხრა","h":"#c5912f"},{"n":"აგური","h":"#b05a36"},{"n":"ალისფერი","h":"#a72f3d"},{"n":"იასამნისფერი","h":"#7d5ba6"},{"n":"ულტრამარინი","h":"#2c4fa3"},{"n":"ფირუზი","h":"#2e8f8a"},{"n":"ხავსი","h":"#5d7a3a"}]'::jsonb,'{"coverage":"100მლ — 10კგ საღებავზე","base":"პიგმენტური პასტა"}'::jsonb,'{}',true,NULL) on conflict (id) do nothing;
insert into products(id,brand,cat,name,descr,sizes,colors,specs,tags,featured,sale_pct) values ('brush-natural','asmako','brushes','ფუნჯი ბუნებრივი ჯაგრისით','ალკიდური და ზეთოვანი საღებავისთვის — მკვრივი ბუნებრივი ჯაგარი, ხის ტარი.','[{"l":"25მმ","p":2.5,"s":140},{"l":"50მმ","p":4.2,"s":120},{"l":"75მმ","p":6.5,"s":80},{"l":"100მმ","p":8.9,"s":60}]'::jsonb,'[]'::jsonb,'{"base":"ბუნებრივი ჯაგარი"}'::jsonb,'{}',false,NULL) on conflict (id) do nothing;
insert into products(id,brand,cat,name,descr,sizes,colors,specs,tags,featured,sale_pct) values ('brush-radiator','asmako','brushes','რადიატორის ფუნჯი მოხრილი ტარით','ძნელად მისადგომი ადგილებისთვის — რადიატორი, მილების უკანა მხარე.','[{"l":"50მმ","p":5.9,"s":45}]'::jsonb,'[]'::jsonb,'{"base":"სინთეზური ჯაგარი"}'::jsonb,'{}',false,NULL) on conflict (id) do nothing;
insert into products(id,brand,cat,name,descr,sizes,colors,specs,tags,featured,sale_pct) values ('brush-set5','asmako','brushes','ფუნჯების ნაკრები — 5 ცალი','20/30/40/50/63მმ — საბაზისო ნაკრები ნებისმიერი სამღებრო სამუშაოსთვის.','[{"l":"ნაკრები","p":14.9,"s":55}]'::jsonb,'[]'::jsonb,'{"base":"შერეული ჯაგარი"}'::jsonb,ARRAY['sale']::text[],false,20) on conflict (id) do nothing;
insert into products(id,brand,cat,name,descr,sizes,colors,specs,tags,featured,sale_pct) values ('roller-poly18','asmako','rollers','ლილვაკი პოლიამიდის 18მმ ბეწვით','წყალემულსიური საღებავისთვის — იწოვს ბევრს, ტოვებს თანაბარ ფაქტურას.','[{"l":"18სმ","p":8.9,"s":90},{"l":"25სმ","p":11.9,"s":70}]'::jsonb,'[]'::jsonb,'{"base":"პოლიამიდი 18მმ"}'::jsonb,'{}',true,NULL) on conflict (id) do nothing;
insert into products(id,brand,cat,name,descr,sizes,colors,specs,tags,featured,sale_pct) values ('roller-refill','asmako','rollers','ლილვაკის სათადარიგო ცილინდრი','სტანდარტული ბუდე — მოერგება Asmako-ს ყველა ჩარჩოს.','[{"l":"18სმ","p":4.9,"s":110},{"l":"25სმ","p":6.5,"s":85}]'::jsonb,'[]'::jsonb,'{"base":"პოლიესტერი"}'::jsonb,'{}',false,NULL) on conflict (id) do nothing;
insert into products(id,brand,cat,name,descr,sizes,colors,specs,tags,featured,sale_pct) values ('roller-tray','asmako','rollers','საღებავის კიუვეტა (აბაზანა)','მყარი პლასტმასის კიუვეტა საწურით — 25სმ და 32სმ ლილვაკისთვის.','[{"l":"25სმ","p":3.5,"s":130},{"l":"32სმ","p":4.9,"s":95}]'::jsonb,'[]'::jsonb,'{"base":"PP პლასტმასი"}'::jsonb,'{}',false,NULL) on conflict (id) do nothing;
insert into products(id,brand,cat,name,descr,sizes,colors,specs,tags,featured,sale_pct) values ('roller-pole','asmako','rollers','ტელესკოპური სახელური','ალუმინის ტელესკოპი ლილვაკისთვის — ჭერი და ფასადი კიბის გარეშე.','[{"l":"1.5მ","p":12.9,"s":40},{"l":"3მ","p":21,"s":25}]'::jsonb,'[]'::jsonb,'{"base":"ალუმინი"}'::jsonb,ARRAY['new']::text[],false,NULL) on conflict (id) do nothing;
insert into products(id,brand,cat,name,descr,sizes,colors,specs,tags,featured,sale_pct) values ('drill-hssg','proian','drills','ბურღი ლითონის HSS-G','დაფქული HSS ბურღი 135° წვერით — ფოლადი, ფერადი ლითონი, პლასტმასი.','[{"l":"4მმ","p":2.5,"s":220},{"l":"6მმ","p":4.2,"s":180},{"l":"8მმ","p":6.9,"s":120},{"l":"10მმ","p":9.5,"s":70}]'::jsonb,'[]'::jsonb,'{"surface":["metal"],"base":"HSS-G ფოლადი"}'::jsonb,'{}',false,NULL) on conflict (id) do nothing;
insert into products(id,brand,cat,name,descr,sizes,colors,specs,tags,featured,sale_pct) values ('drill-cobalt','proian','drills','ბურღი კობალტის HSS-Co 5%','უჟანგავი და მაღალლეგირებული ფოლადისთვის — კობალტის შენადნობი ინარჩუნებს სიმკვეთრეს.','[{"l":"4მმ","p":4.9,"s":90},{"l":"6მმ","p":7.9,"s":65},{"l":"8მმ","p":12.5,"s":40}]'::jsonb,'[]'::jsonb,'{"surface":["metal"],"base":"HSS-Co 5%"}'::jsonb,ARRAY['new']::text[],false,NULL) on conflict (id) do nothing;
insert into products(id,brand,cat,name,descr,sizes,colors,specs,tags,featured,sale_pct) values ('drill-sdsplus','proian','drills','ბურღი SDS-Plus ბეტონისთვის','ოთხკიდიანი კარბიდის წვერი — ბეტონი, აგური, ქვა. პერფორატორისთვის.','[{"l":"6×110მმ","p":3.9,"s":150},{"l":"8×160მმ","p":5.5,"s":110},{"l":"10×210მმ","p":7.9,"s":75},{"l":"12×260მმ","p":10.9,"s":45}]'::jsonb,'[]'::jsonb,'{"surface":["concrete"],"base":"კარბიდი YG8"}'::jsonb,'{}',true,NULL) on conflict (id) do nothing;
insert into products(id,brand,cat,name,descr,sizes,colors,specs,tags,featured,sale_pct) values ('drill-sdsmax','proian','drills','ბურღი SDS-MAX მძიმე სერიის','მძიმე პერფორატორებისთვის — რკინაბეტონის გაყვანილობის არხები და ანკერები.','[{"l":"16×340მმ","p":24,"s":28},{"l":"20×520მმ","p":39,"s":14}]'::jsonb,'[]'::jsonb,'{"surface":["concrete"],"base":"კარბიდი / 4 კიდე"}'::jsonb,'{}',false,NULL) on conflict (id) do nothing;
insert into products(id,brand,cat,name,descr,sizes,colors,specs,tags,featured,sale_pct) values ('drill-tct','proian','drills','ბურღი TCT კაფელისა და მინისთვის','შუბისებური კარბიდის წვერი — ფილა, კაფელი, მინა ბზარების გარეშე.','[{"l":"6მმ","p":4.5,"s":60},{"l":"8მმ","p":5.9,"s":45},{"l":"10მმ","p":7.5,"s":30}]'::jsonb,'[]'::jsonb,'{"base":"TCT კარბიდი"}'::jsonb,'{}',false,NULL) on conflict (id) do nothing;
insert into products(id,brand,cat,name,descr,sizes,colors,specs,tags,featured,sale_pct) values ('bit-ph2','proian','bits','თავაკი PH2 ტორსიონული','S2 ფოლადის ტორსიონული ზონით — გაზრდილი რესურსი დარტყმით სამუშაოზე.','[{"l":"25მმ","p":1.5,"s":400},{"l":"50მმ","p":2.5,"s":250},{"l":"90მმ","p":3.9,"s":120}]'::jsonb,'[]'::jsonb,'{"base":"S2 ფოლადი"}'::jsonb,'{}',true,NULL) on conflict (id) do nothing;
insert into products(id,brand,cat,name,descr,sizes,colors,specs,tags,featured,sale_pct) values ('bit-set32','proian','bits','თავაკების ნაკრები PH/PZ/TX — 32 ცალი','მაგნიტური დამჭერით და კომპაქტური კასეტით. ყველაზე ხშირი 32 პროფილი.','[{"l":"32 ცალი","p":29,"s":38}]'::jsonb,'[]'::jsonb,'{"base":"S2 ფოლადი"}'::jsonb,ARRAY['sale']::text[],false,15) on conflict (id) do nothing;
insert into products(id,brand,cat,name,descr,sizes,colors,specs,tags,featured,sale_pct) values ('bit-gypsum','proian','bits','თიხა-მუყაოს თავაკი შემზღუდველით','მაგნიტური თავაკი ღრმულის შემზღუდველით — ხრახნი ზუსტად მუყაოს დონეზე ჯდება.','[{"l":"25მმ","p":4.9,"s":85}]'::jsonb,'[]'::jsonb,'{"base":"S2 + მაგნიტი"}'::jsonb,'{}',false,NULL) on conflict (id) do nothing;
insert into products(id,brand,cat,name,descr,sizes,colors,specs,tags,featured,sale_pct) values ('tool-spatula','proian','tools','შპაკლის დანა უჟანგავი ფოლადის','მოქნილი პირი, ორკომპონენტიანი ტარი — შპაკვლა და ზედაპირის მოსწორება.','[{"l":"100მმ","p":4.5,"s":75},{"l":"200მმ","p":7.9,"s":50},{"l":"350მმ","p":12.5,"s":30}]'::jsonb,'[]'::jsonb,'{"base":"უჟანგავი ფოლადი"}'::jsonb,'{}',false,NULL) on conflict (id) do nothing;
insert into products(id,brand,cat,name,descr,sizes,colors,specs,tags,featured,sale_pct) values ('tool-gun-sil','proian','tools','სილიკონის პისტოლეტი გაძლიერებული','ჩარჩოიანი პისტოლეტი 1:12 გადაცემით — თანაბარი მიწოდება დაღლის გარეშე.','[{"l":"310მლ","p":11.9,"s":42}]'::jsonb,'[]'::jsonb,'{"base":"ფოლადის ჩარჩო"}'::jsonb,'{}',false,NULL) on conflict (id) do nothing;
insert into products(id,brand,cat,name,descr,sizes,colors,specs,tags,featured,sale_pct) values ('tool-gun-foam','proian','tools','ქაფის პისტოლეტი ტეფლონის დაფარვით','ტეფლონის ადაპტერი და ნემსი — ადვილად იწმინდება, ზუსტი დოზირება.','[{"l":"სტანდარტი","p":32,"s":26}]'::jsonb,'[]'::jsonb,'{"base":"ტეფლონი / ალუმინი"}'::jsonb,ARRAY['new']::text[],false,NULL) on conflict (id) do nothing;

-- promotions
insert into promotions(id,name,type,value,target,from_date,to_date,active) values ('pr1','ზაფხულის ფასდაკლება საღებავებზე','pct',15,'sobplastik-silk','2026-06-01','2026-06-30',true) on conflict (id) do nothing;
insert into promotions(id,name,type,value,target,from_date,to_date,active) values ('pr2','ლაქები −20%','pct',20,'lak-door','2026-06-01','2026-06-30',true) on conflict (id) do nothing;
insert into promotions(id,name,type,value,target,from_date,to_date,active) values ('pr3','წვრილმანი ინსტრუმენტი','pct',20,'brush-set5','2026-06-05','2026-07-05',true) on conflict (id) do nothing;
insert into promotions(id,name,type,value,target,from_date,to_date,active) values ('pr4','ბიტუმის მასტიკა −10%','pct',10,'hydro-bitum','2026-05-20','2026-06-20',true) on conflict (id) do nothing;

-- bundles
insert into bundles(id,name,items,note,price,old_price) values ('b1','სამღებრო ნაკრები „ოთახი“',ARRAY['sobplastik-int','roller-poly18','roller-tray','tape-masking']::text[],'საღებავი 10კგ + ლილვაკი + კიუვეტა + მალარის ლენტი',69,78.2) on conflict (id) do nothing;
insert into bundles(id,name,items,note,price,old_price) values ('b2','აბაზანის ჰერმეტიზაცია',ARRAY['hydro-cem2k','seal-sanitary','grout-cement']::text[],'ჰიდროიზოლაცია 25კგ + სანიტარული სილიკონი + ფუგა 2კგ',129,140.8) on conflict (id) do nothing;
insert into bundles(id,name,items,note,price,old_price) values ('b3','მონტაჟის ნაკრები „პრო“',ARRAY['foam-pro65','tool-gun-foam','foam-cleaner']::text[],'ქაფი 65L + ტეფლონის პისტოლეტი + გამწმენდი',49,54) on conflict (id) do nothing;

-- hero_slides
insert into hero_slides(id,kicker,title,sub,cta,link,tint,"order") values ('h1','სეზონის შეთავაზება','ფასდაკლება საღებავებზე —20%-მდე','Sobsan-ის ინტერიერის სერია და კარ-ფანჯრის ლაქები — მხოლოდ ივნისში.','იხილე შეთავაზებები','sale.html','paint',0) on conflict (id) do nothing;
insert into hero_slides(id,kicker,title,sub,cta,link,tint,"order") values ('h2','ფერი შენთვის','შენი ფერი. შენი სივრცე.','24 კოლორანტი და სრული RAL პალიტრა — შეურიეთ ზუსტად ის ტონი, რომელიც გესახებათ.','ფერების კატალოგი','shop.html?cat=solvents','color',1) on conflict (id) do nothing;
insert into hero_slides(id,kicker,title,sub,cta,link,tint,"order") values ('h3','პროფესიონალებს','ბითუმად ფასები ობიექტებისთვის','ხელშეკრულება, პირადი მენეჯერი და მიწოდება ობიექტზე — მოითხოვეთ შეთავაზება.','მოითხოვე შეთავაზება','contact.html?type=bulk','pro',2) on conflict (id) do nothing;

-- seed orders / inquiries
insert into orders(id,type,status,created_at,customer,items) values ('MC-1042','order','new','2026-06-08T14:22:00','{"name":"გიორგი მაისურაძე","phone":"+995 599 12 34 56","city":"თბილისი","address":"ვაჟა-ფშაველას 71"}'::jsonb,'[{"pid":"sobplastik-int","size":"10კგ","color":"თეთრი","qty":2},{"pid":"roller-poly18","size":"25სმ","qty":1},{"pid":"tape-masking","size":"38მმ","qty":3}]'::jsonb) on conflict (id) do nothing;
insert into orders(id,type,status,created_at,customer,items) values ('MC-1041','quote','processing','2026-06-08T10:05:00','{"name":"შპს „მშენებელი 2020“","phone":"+995 577 44 55 66","city":"ბათუმი","company":"შპს მშენებელი 2020","note":"გვჭირდება ფასადის საღებავი ~400მ² ობიექტისთვის, ივლისის დასაწყისში."}'::jsonb,'[{"pid":"sobsil-facade","size":"15ლტ","qty":12},{"pid":"primer-deep","size":"10ლტ","qty":6}]'::jsonb) on conflict (id) do nothing;
insert into orders(id,type,status,created_at,customer,items) values ('MC-1040','order','done','2026-06-07T16:48:00','{"name":"ნინო ბერიძე","phone":"+995 555 98 76 54","city":"თბილისი","address":"ჭავჭავაძის 24ბ"}'::jsonb,'[{"pid":"grout-epoxy","size":"2კგ","color":"ანთრაციტი","qty":1},{"pid":"seal-sanitary","size":"280მლ","color":"გამჭვირვალე","qty":2}]'::jsonb) on conflict (id) do nothing;
insert into orders(id,type,status,created_at,customer,items) values ('MC-1039','order','processing','2026-06-07T11:30:00','{"name":"ლევან კვარაცხელია","phone":"+995 593 11 22 33","city":"ქუთაისი","address":"წერეთლის 88"}'::jsonb,'[{"pid":"drill-sdsplus","size":"8×160მმ","qty":5},{"pid":"bit-set32","size":"32 ცალი","qty":1},{"pid":"foam-pro65","size":"850მლ","qty":4}]'::jsonb) on conflict (id) do nothing;
insert into orders(id,type,status,created_at,customer,items) values ('MC-1038','quote','new','2026-06-06T09:15:00','{"name":"თემურ ჩხეიძე","phone":"+995 591 77 88 99","city":"რუსთავი","company":"ინდ. მეწარმე","note":"სახურავის ჰიდროიზოლაცია 250მ², მჭირდება კონსულტაციაც მასალაზე."}'::jsonb,'[{"pid":"hydro-pu","size":"25კგ","qty":3},{"pid":"tape-butyl","size":"10სმ","qty":8}]'::jsonb) on conflict (id) do nothing;

commit;
